PROCESS_DATE,ROOM_CATEGORY,TOTAL_MAN_DAYS,BLOCK_BEDS,LAKBI_COUNT
01-01-2023,SENIOR EXECUTIVE,45,3,0
01-01-2023,SINGLE,694,8,0
01-01-2023,6PR,2350,0,0
01-01-2023,ODC_8PR,803,0,321
01-01-2023,ODC_4PR,176,0,140
01-01-2023,ODC_6PR,2008,0,1346
01-01-2023,8PR,1350,0,0
01-01-2023,COMPLIMENTARY,18,0,0
01-01-2023,2PR PREMIUM,152,1,0
01-01-2023,SS PREMIUM,200,9,0
01-01-2023,3PR PREMIUM,366,37,0
01-01-2023,STAFF 9PR,293,0,0
02-01-2023,SENIOR EXECUTIVE,47,3,0
02-01-2023,SINGLE,697,8,0
02-01-2023,6PR,2313,0,0
02-01-2023,ODC_8PR,803,0,321
02-01-2023,ODC_4PR,177,0,140
02-01-2023,ODC_6PR,2031,0,1370
02-01-2023,8PR,1339,0,0
02-01-2023,COMPLIMENTARY,18,0,0
02-01-2023,2PR PREMIUM,151,1,0
02-01-2023,SS PREMIUM,201,10,0
02-01-2023,3PR PREMIUM,367,37,0
02-01-2023,STAFF 9PR,293,0,0
03-01-2023,SENIOR EXECUTIVE,49,2,0
03-01-2023,SINGLE,718,7,0
03-01-2023,6PR,2264,0,0
03-01-2023,ODC_8PR,803,0,321
03-01-2023,ODC_4PR,177,0,140
03-01-2023,ODC_6PR,2035,0,1374
03-01-2023,8PR,1339,0,0
03-01-2023,COMPLIMENTARY,18,0,0
03-01-2023,2PR PREMIUM,150,1,0
03-01-2023,SS PREMIUM,197,9,0
03-01-2023,3PR PREMIUM,368,39,0
03-01-2023,STAFF 9PR,291,0,0
04-01-2023,SENIOR EXECUTIVE,50,2,0
04-01-2023,SINGLE,720,7,0
04-01-2023,6PR,2258,0,0
04-01-2023,ODC_8PR,800,0,321
04-01-2023,ODC_4PR,157,0,120
04-01-2023,ODC_6PR,2035,0,1373
04-01-2023,8PR,1338,0,0
04-01-2023,COMPLIMENTARY,18,0,0
04-01-2023,2PR PREMIUM,146,1,0
04-01-2023,SS PREMIUM,198,9,0
04-01-2023,3PR PREMIUM,368,43,0
04-01-2023,STAFF 9PR,290,0,0
05-01-2023,SENIOR EXECUTIVE,49,2,0
05-01-2023,SINGLE,703,8,0
05-01-2023,6PR,2243,0,0
05-01-2023,ODC_8PR,795,0,318
05-01-2023,ODC_4PR,157,0,120
05-01-2023,ODC_6PR,2027,0,1363
05-01-2023,8PR,1336,0,0
05-01-2023,COMPLIMENTARY,18,0,0
05-01-2023,2PR PREMIUM,141,1,0
05-01-2023,SS PREMIUM,197,9,0
05-01-2023,3PR PREMIUM,367,43,0
05-01-2023,STAFF 9PR,290,0,0
06-01-2023,SENIOR EXECUTIVE,48,2,0
06-01-2023,SINGLE,699,9,0
06-01-2023,6PR,2254,0,0
06-01-2023,ODC_8PR,790,0,317
06-01-2023,ODC_4PR,157,0,120
06-01-2023,ODC_6PR,2022,0,1358
06-01-2023,8PR,1337,0,0
06-01-2023,COMPLIMENTARY,18,0,0
06-01-2023,2PR PREMIUM,145,1,0
06-01-2023,SS PREMIUM,197,9,0
06-01-2023,3PR PREMIUM,364,44,0
06-01-2023,STAFF 9PR,290,0,0
07-01-2023,SENIOR EXECUTIVE,48,2,0
07-01-2023,SINGLE,721,8,0
07-01-2023,6PR,2245,0,0
07-01-2023,ODC_8PR,750,0,315
07-01-2023,ODC_4PR,158,0,121
07-01-2023,ODC_6PR,2029,0,1359
07-01-2023,8PR,1327,0,0
07-01-2023,COMPLIMENTARY,18,0,0
07-01-2023,2PR PREMIUM,147,1,0
07-01-2023,SS PREMIUM,198,9,0
07-01-2023,3PR PREMIUM,368,47,0
07-01-2023,STAFF 9PR,290,0,0
08-01-2023,SENIOR EXECUTIVE,46,2,0
08-01-2023,SINGLE,728,8,0
08-01-2023,6PR,2243,0,0
08-01-2023,ODC_8PR,749,0,314
08-01-2023,ODC_4PR,160,0,121
08-01-2023,ODC_6PR,2047,0,1372
08-01-2023,8PR,1321,0,0
08-01-2023,COMPLIMENTARY,18,0,0
08-01-2023,2PR PREMIUM,147,1,0
08-01-2023,SS PREMIUM,195,5,0
08-01-2023,3PR PREMIUM,371,44,0
08-01-2023,STAFF 9PR,290,0,0
09-01-2023,SENIOR EXECUTIVE,46,3,0
09-01-2023,SINGLE,749,7,0
09-01-2023,6PR,2238,0,0
09-01-2023,ODC_8PR,749,0,316
09-01-2023,ODC_4PR,158,0,121
09-01-2023,ODC_6PR,2060,0,1386
09-01-2023,8PR,1313,0,0
09-01-2023,COMPLIMENTARY,18,0,0
09-01-2023,2PR PREMIUM,152,0,0
09-01-2023,SS PREMIUM,202,5,0
09-01-2023,3PR PREMIUM,367,42,0
09-01-2023,STAFF 9PR,290,0,0
10-01-2023,SENIOR EXECUTIVE,47,2,0
10-01-2023,SINGLE,735,6,0
10-01-2023,6PR,2224,0,0
10-01-2023,ODC_8PR,746,0,314
10-01-2023,ODC_4PR,159,0,121
10-01-2023,ODC_6PR,2061,0,1387
10-01-2023,8PR,1317,0,0
10-01-2023,COMPLIMENTARY,18,0,0
10-01-2023,2PR PREMIUM,146,0,0
10-01-2023,SS PREMIUM,202,4,0
10-01-2023,3PR PREMIUM,365,40,0
10-01-2023,STAFF 9PR,290,0,0
11-01-2023,SENIOR EXECUTIVE,46,3,0
11-01-2023,SINGLE,744,8,0
11-01-2023,6PR,2375,0,0
11-01-2023,ODC_8PR,731,0,311
11-01-2023,ODC_4PR,159,0,121
11-01-2023,ODC_6PR,2053,0,1381
11-01-2023,8PR,1321,0,0
11-01-2023,COMPLIMENTARY,18,0,0
11-01-2023,2PR PREMIUM,144,0,0
11-01-2023,SS PREMIUM,201,4,0
11-01-2023,3PR PREMIUM,362,40,0
11-01-2023,STAFF 9PR,290,0,0
12-01-2023,SENIOR EXECUTIVE,46,3,0
12-01-2023,SINGLE,720,8,0
12-01-2023,6PR,2348,0,0
12-01-2023,ODC_8PR,731,0,311
12-01-2023,ODC_4PR,158,0,122
12-01-2023,ODC_6PR,2044,0,1374
12-01-2023,8PR,1325,0,0
12-01-2023,COMPLIMENTARY,18,0,0
12-01-2023,2PR PREMIUM,142,0,0
12-01-2023,SS PREMIUM,200,4,0
12-01-2023,3PR PREMIUM,363,40,0
12-01-2023,STAFF 9PR,264,0,0
13-01-2023,SENIOR EXECUTIVE,45,3,0
13-01-2023,SINGLE,715,10,0
13-01-2023,6PR,2346,0,0
13-01-2023,ODC_8PR,729,0,311
13-01-2023,ODC_4PR,158,0,122
13-01-2023,ODC_6PR,2044,0,1374
13-01-2023,8PR,1327,0,0
13-01-2023,COMPLIMENTARY,18,0,0
13-01-2023,2PR PREMIUM,147,0,0
13-01-2023,SS PREMIUM,199,4,0
13-01-2023,3PR PREMIUM,361,40,0
13-01-2023,STAFF 9PR,262,0,0
14-01-2023,SENIOR EXECUTIVE,43,2,0
14-01-2023,SINGLE,718,10,0
14-01-2023,6PR,2336,0,0
14-01-2023,ODC_8PR,730,0,311
14-01-2023,ODC_4PR,177,0,141
14-01-2023,ODC_6PR,2045,0,1375
14-01-2023,8PR,1326,0,0
14-01-2023,COMPLIMENTARY,18,0,0
14-01-2023,2PR PREMIUM,149,0,0
14-01-2023,SS PREMIUM,196,4,0
14-01-2023,3PR PREMIUM,369,38,0
14-01-2023,STAFF 9PR,262,0,0
15-01-2023,SENIOR EXECUTIVE,43,2,0
15-01-2023,SINGLE,730,10,0
15-01-2023,6PR,2257,0,0
15-01-2023,ODC_8PR,731,0,311
15-01-2023,ODC_4PR,177,0,140
15-01-2023,ODC_6PR,2045,0,1375
15-01-2023,8PR,1316,0,0
15-01-2023,COMPLIMENTARY,18,0,0
15-01-2023,2PR PREMIUM,158,0,0
15-01-2023,SS PREMIUM,196,2,0
15-01-2023,3PR PREMIUM,364,39,0
15-01-2023,STAFF 9PR,262,0,0
16-01-2023,SENIOR EXECUTIVE,43,2,0
16-01-2023,SINGLE,747,11,0
16-01-2023,6PR,2241,0,0
16-01-2023,ODC_8PR,731,0,311
16-01-2023,ODC_4PR,178,0,140
16-01-2023,ODC_6PR,2046,0,1376
16-01-2023,8PR,1298,0,0
16-01-2023,COMPLIMENTARY,18,0,0
16-01-2023,2PR PREMIUM,157,0,0
16-01-2023,SS PREMIUM,199,2,0
16-01-2023,3PR PREMIUM,356,40,0
16-01-2023,STAFF 9PR,262,0,0
17-01-2023,SENIOR EXECUTIVE,46,1,0
17-01-2023,SINGLE,741,11,0
17-01-2023,6PR,2221,0,0
17-01-2023,ODC_8PR,731,0,311
17-01-2023,ODC_4PR,182,0,144
17-01-2023,ODC_6PR,2046,0,1377
17-01-2023,8PR,1300,0,0
17-01-2023,COMPLIMENTARY,18,0,0
17-01-2023,2PR PREMIUM,157,0,0
17-01-2023,SS PREMIUM,198,1,0
17-01-2023,3PR PREMIUM,354,37,0
17-01-2023,STAFF 9PR,262,0,0
18-01-2023,SENIOR EXECUTIVE,47,2,0
18-01-2023,SINGLE,736,12,0
18-01-2023,6PR,2175,0,0
18-01-2023,ODC_8PR,733,0,311
18-01-2023,ODC_4PR,181,0,143
18-01-2023,ODC_6PR,2046,0,1377
18-01-2023,8PR,1298,0,0
18-01-2023,COMPLIMENTARY,17,0,0
18-01-2023,2PR PREMIUM,150,0,0
18-01-2023,SS PREMIUM,197,1,0
18-01-2023,3PR PREMIUM,355,36,0
18-01-2023,STAFF 9PR,260,0,0
19-01-2023,SENIOR EXECUTIVE,45,2,0
19-01-2023,SINGLE,711,11,0
19-01-2023,6PR,2157,0,0
19-01-2023,ODC_8PR,733,0,311
19-01-2023,ODC_4PR,181,0,142
19-01-2023,ODC_6PR,2041,0,1374
19-01-2023,8PR,1295,0,0
19-01-2023,COMPLIMENTARY,17,0,0
19-01-2023,2PR PREMIUM,147,0,0
19-01-2023,SS PREMIUM,191,3,0
19-01-2023,3PR PREMIUM,355,35,0
19-01-2023,STAFF 9PR,260,0,0
20-01-2023,SENIOR EXECUTIVE,47,1,0
20-01-2023,SINGLE,709,12,0
20-01-2023,6PR,2342,0,0
20-01-2023,ODC_8PR,734,0,312
20-01-2023,ODC_4PR,181,0,142
20-01-2023,ODC_6PR,2041,0,1374
20-01-2023,8PR,1292,0,0
20-01-2023,COMPLIMENTARY,17,0,0
20-01-2023,2PR PREMIUM,146,0,0
20-01-2023,SS PREMIUM,191,3,0
20-01-2023,3PR PREMIUM,352,34,0
20-01-2023,STAFF 9PR,263,0,0
21-01-2023,SENIOR EXECUTIVE,47,1,0
21-01-2023,SINGLE,729,12,0
21-01-2023,6PR,2335,0,0
21-01-2023,ODC_8PR,734,0,312
21-01-2023,ODC_4PR,182,0,143
21-01-2023,ODC_6PR,2049,0,1382
21-01-2023,8PR,1288,0,0
21-01-2023,COMPLIMENTARY,17,0,0
21-01-2023,2PR PREMIUM,150,0,0
21-01-2023,SS PREMIUM,190,3,0
21-01-2023,3PR PREMIUM,348,35,0
21-01-2023,STAFF 9PR,263,0,0
22-01-2023,SENIOR EXECUTIVE,51,1,0
22-01-2023,SINGLE,734,10,0
22-01-2023,6PR,2505,0,0
22-01-2023,ODC_8PR,733,0,312
22-01-2023,ODC_4PR,185,0,143
22-01-2023,ODC_6PR,2058,0,1392
22-01-2023,8PR,1288,0,0
22-01-2023,COMPLIMENTARY,19,0,0
22-01-2023,2PR PREMIUM,155,0,0
22-01-2023,SS PREMIUM,190,2,0
22-01-2023,3PR PREMIUM,348,40,0
22-01-2023,STAFF 9PR,263,0,0
23-01-2023,SENIOR EXECUTIVE,49,1,0
23-01-2023,SINGLE,759,10,0
23-01-2023,6PR,2501,0,0
23-01-2023,ODC_8PR,733,0,312
23-01-2023,ODC_4PR,185,0,143
23-01-2023,ODC_6PR,2062,0,1395
23-01-2023,8PR,1288,0,0
23-01-2023,COMPLIMENTARY,19,0,0
23-01-2023,2PR PREMIUM,157,1,0
23-01-2023,SS PREMIUM,187,2,0
23-01-2023,3PR PREMIUM,348,40,0
23-01-2023,STAFF 9PR,263,0,0
24-01-2023,SENIOR EXECUTIVE,50,2,0
24-01-2023,SINGLE,765,9,0
24-01-2023,6PR,2525,0,0
24-01-2023,ODC_8PR,732,0,311
24-01-2023,ODC_4PR,185,0,143
24-01-2023,ODC_6PR,2059,0,1396
24-01-2023,8PR,1301,0,0
24-01-2023,COMPLIMENTARY,17,0,0
24-01-2023,2PR PREMIUM,158,1,0
24-01-2023,SS PREMIUM,185,2,0
24-01-2023,3PR PREMIUM,347,40,0
24-01-2023,STAFF 9PR,263,0,0
25-01-2023,SENIOR EXECUTIVE,48,1,0
25-01-2023,SINGLE,759,10,0
25-01-2023,6PR,2525,0,0
25-01-2023,ODC_8PR,727,0,308
25-01-2023,ODC_4PR,185,0,143
25-01-2023,ODC_6PR,2058,0,1397
25-01-2023,8PR,1304,0,0
25-01-2023,COMPLIMENTARY,17,0,0
25-01-2023,2PR PREMIUM,160,2,0
25-01-2023,SS PREMIUM,186,2,0
25-01-2023,3PR PREMIUM,348,40,0
25-01-2023,STAFF 9PR,263,0,0
26-01-2023,SENIOR EXECUTIVE,47,1,0
26-01-2023,SINGLE,727,10,0
26-01-2023,6PR,2530,0,0
26-01-2023,ODC_8PR,726,0,308
26-01-2023,ODC_4PR,185,0,143
26-01-2023,ODC_6PR,2057,0,1396
26-01-2023,8PR,1308,0,0
26-01-2023,COMPLIMENTARY,17,0,0
26-01-2023,2PR PREMIUM,154,1,0
26-01-2023,SS PREMIUM,186,2,0
26-01-2023,3PR PREMIUM,348,38,0
26-01-2023,STAFF 9PR,263,0,0
27-01-2023,SENIOR EXECUTIVE,47,1,0
27-01-2023,SINGLE,724,10,0
27-01-2023,6PR,2661,0,0
27-01-2023,ODC_8PR,721,0,303
27-01-2023,ODC_4PR,185,0,143
27-01-2023,ODC_6PR,2026,0,1368
27-01-2023,8PR,1305,0,0
27-01-2023,COMPLIMENTARY,17,0,0
27-01-2023,2PR PREMIUM,154,1,0
27-01-2023,SS PREMIUM,186,2,0
27-01-2023,3PR PREMIUM,347,38,0
27-01-2023,STAFF 9PR,263,0,0
28-01-2023,SENIOR EXECUTIVE,49,1,0
28-01-2023,SINGLE,736,10,0
28-01-2023,6PR,2666,0,0
28-01-2023,ODC_8PR,720,0,304
28-01-2023,ODC_4PR,187,0,145
28-01-2023,ODC_6PR,2030,0,1372
28-01-2023,8PR,1318,0,0
28-01-2023,COMPLIMENTARY,17,0,0
28-01-2023,2PR PREMIUM,158,1,0
28-01-2023,SS PREMIUM,188,2,0
28-01-2023,3PR PREMIUM,346,38,0
28-01-2023,STAFF 9PR,263,0,0
29-01-2023,SENIOR EXECUTIVE,53,1,0
29-01-2023,SINGLE,736,8,0
29-01-2023,6PR,2702,0,0
29-01-2023,ODC_8PR,717,0,301
29-01-2023,ODC_4PR,187,0,145
29-01-2023,ODC_6PR,2033,0,1374
29-01-2023,8PR,1311,0,0
29-01-2023,COMPLIMENTARY,17,0,0
29-01-2023,2PR PREMIUM,160,1,0
29-01-2023,SS PREMIUM,196,2,0
29-01-2023,3PR PREMIUM,350,38,0
29-01-2023,STAFF 9PR,263,0,0
30-01-2023,SENIOR EXECUTIVE,50,2,0
30-01-2023,SINGLE,740,8,0
30-01-2023,6PR,2655,0,0
30-01-2023,ODC_8PR,716,0,301
30-01-2023,ODC_4PR,187,0,145
30-01-2023,ODC_6PR,2043,0,1379
30-01-2023,8PR,1318,0,0
30-01-2023,COMPLIMENTARY,17,0,0
30-01-2023,2PR PREMIUM,158,1,0
30-01-2023,SS PREMIUM,198,7,0
30-01-2023,3PR PREMIUM,346,38,0
30-01-2023,STAFF 9PR,263,0,0
31-01-2023,SENIOR EXECUTIVE,47,2,0
31-01-2023,SINGLE,741,8,0
31-01-2023,6PR,2541,0,0
31-01-2023,ODC_8PR,715,0,300
31-01-2023,ODC_4PR,167,0,126
31-01-2023,ODC_6PR,2042,0,1378
31-01-2023,8PR,1331,0,0
31-01-2023,COMPLIMENTARY,17,0,0
31-01-2023,2PR PREMIUM,158,1,0
31-01-2023,SS PREMIUM,202,10,0
31-01-2023,3PR PREMIUM,343,37,0
31-01-2023,STAFF 9PR,263,0,0
01-02-2023,SENIOR EXECUTIVE,51,2,0
01-02-2023,SINGLE,733,10,0
01-02-2023,6PR,2480,0,0
01-02-2023,ODC_8PR,712,0,300
01-02-2023,ODC_4PR,167,0,126
01-02-2023,ODC_6PR,2038,0,1375
01-02-2023,8PR,1329,0,0
01-02-2023,COMPLIMENTARY,17,0,0
01-02-2023,2PR PREMIUM,161,1,0
01-02-2023,SS PREMIUM,181,2,0
01-02-2023,3PR PREMIUM,329,26,0
01-02-2023,STAFF 9PR,263,0,0
02-02-2023,SENIOR EXECUTIVE,51,2,0
02-02-2023,SINGLE,711,11,0
02-02-2023,6PR,2273,0,0
02-02-2023,ODC_8PR,714,0,302
02-02-2023,ODC_4PR,167,0,126
02-02-2023,ODC_6PR,2034,0,1370
02-02-2023,8PR,1325,0,0
02-02-2023,COMPLIMENTARY,17,0,0
02-02-2023,2PR PREMIUM,156,1,0
02-02-2023,SS PREMIUM,178,2,0
02-02-2023,3PR PREMIUM,322,22,0
02-02-2023,STAFF 9PR,263,0,0
03-02-2023,SENIOR EXECUTIVE,51,2,0
03-02-2023,SINGLE,707,11,0
03-02-2023,6PR,2312,0,0
03-02-2023,ODC_8PR,713,0,302
03-02-2023,ODC_4PR,166,0,126
03-02-2023,ODC_6PR,2026,0,1364
03-02-2023,8PR,1326,0,0
03-02-2023,COMPLIMENTARY,17,0,0
03-02-2023,2PR PREMIUM,153,1,0
03-02-2023,SS PREMIUM,179,2,0
03-02-2023,3PR PREMIUM,321,21,0
03-02-2023,STAFF 9PR,263,0,0
04-02-2023,SENIOR EXECUTIVE,50,2,0
04-02-2023,SINGLE,714,11,0
04-02-2023,6PR,2279,0,0
04-02-2023,ODC_8PR,716,0,305
04-02-2023,ODC_4PR,166,0,126
04-02-2023,ODC_6PR,2041,0,1377
04-02-2023,8PR,1299,0,0
04-02-2023,COMPLIMENTARY,17,0,0
04-02-2023,2PR PREMIUM,162,1,0
04-02-2023,SS PREMIUM,182,2,0
04-02-2023,3PR PREMIUM,319,21,0
04-02-2023,STAFF 9PR,263,0,0
05-02-2023,SENIOR EXECUTIVE,50,2,0
05-02-2023,SINGLE,722,10,0
05-02-2023,6PR,2213,0,0
05-02-2023,ODC_8PR,716,0,305
05-02-2023,ODC_4PR,167,0,127
05-02-2023,ODC_6PR,2039,0,1376
05-02-2023,8PR,1286,0,0
05-02-2023,COMPLIMENTARY,17,0,0
05-02-2023,2PR PREMIUM,162,1,0
05-02-2023,SS PREMIUM,185,2,0
05-02-2023,3PR PREMIUM,321,22,0
05-02-2023,STAFF 9PR,263,0,0
06-02-2023,SENIOR EXECUTIVE,50,2,0
06-02-2023,SINGLE,735,10,0
06-02-2023,6PR,2175,0,0
06-02-2023,ODC_8PR,717,0,306
06-02-2023,ODC_4PR,168,0,128
06-02-2023,ODC_6PR,2041,0,1378
06-02-2023,8PR,1280,0,0
06-02-2023,COMPLIMENTARY,17,0,0
06-02-2023,2PR PREMIUM,169,1,0
06-02-2023,SS PREMIUM,183,2,0
06-02-2023,3PR PREMIUM,315,23,0
06-02-2023,STAFF 9PR,263,0,0
07-02-2023,SENIOR EXECUTIVE,52,2,0
07-02-2023,SINGLE,733,9,0
07-02-2023,6PR,2166,0,0
07-02-2023,ODC_8PR,697,0,306
07-02-2023,ODC_4PR,168,0,128
07-02-2023,ODC_6PR,2041,0,1378
07-02-2023,8PR,1278,0,0
07-02-2023,COMPLIMENTARY,17,0,0
07-02-2023,2PR PREMIUM,161,2,0
07-02-2023,SS PREMIUM,182,3,0
07-02-2023,3PR PREMIUM,314,23,0
07-02-2023,STAFF 9PR,263,0,0
08-02-2023,SENIOR EXECUTIVE,52,2,0
08-02-2023,SINGLE,729,9,0
08-02-2023,6PR,2090,0,0
08-02-2023,ODC_8PR,697,0,306
08-02-2023,ODC_4PR,168,0,129
08-02-2023,ODC_6PR,2046,0,1383
08-02-2023,8PR,1272,0,0
08-02-2023,COMPLIMENTARY,16,0,0
08-02-2023,2PR PREMIUM,156,1,0
08-02-2023,SS PREMIUM,183,3,0
08-02-2023,3PR PREMIUM,298,14,0
08-02-2023,STAFF 9PR,217,0,0
09-02-2023,SENIOR EXECUTIVE,52,2,0
09-02-2023,SINGLE,699,9,0
09-02-2023,6PR,2087,0,0
09-02-2023,ODC_8PR,694,0,305
09-02-2023,ODC_4PR,168,0,129
09-02-2023,ODC_6PR,2046,0,1383
09-02-2023,8PR,1271,0,0
09-02-2023,COMPLIMENTARY,16,0,0
09-02-2023,2PR PREMIUM,154,1,0
09-02-2023,SS PREMIUM,178,3,0
09-02-2023,3PR PREMIUM,290,14,0
09-02-2023,STAFF 9PR,216,0,0
10-02-2023,SENIOR EXECUTIVE,52,2,0
10-02-2023,SINGLE,695,9,0
10-02-2023,6PR,2115,0,0
10-02-2023,ODC_8PR,692,0,304
10-02-2023,ODC_4PR,168,0,129
10-02-2023,ODC_6PR,2041,0,1380
10-02-2023,8PR,1270,0,0
10-02-2023,COMPLIMENTARY,14,0,0
10-02-2023,2PR PREMIUM,152,1,0
10-02-2023,SS PREMIUM,178,3,0
10-02-2023,3PR PREMIUM,288,14,0
10-02-2023,STAFF 9PR,216,0,0
11-02-2023,SENIOR EXECUTIVE,53,1,0
11-02-2023,SINGLE,722,9,0
11-02-2023,6PR,2119,0,0
11-02-2023,ODC_8PR,692,0,304
11-02-2023,ODC_4PR,168,0,129
11-02-2023,ODC_6PR,2044,0,1383
11-02-2023,8PR,1279,0,0
11-02-2023,COMPLIMENTARY,15,0,0
11-02-2023,2PR PREMIUM,154,1,0
11-02-2023,SS PREMIUM,184,3,0
11-02-2023,3PR PREMIUM,290,13,0
11-02-2023,STAFF 9PR,216,0,0
12-02-2023,SENIOR EXECUTIVE,59,2,0
12-02-2023,SINGLE,732,9,0
12-02-2023,6PR,2192,0,0
12-02-2023,ODC_8PR,692,0,304
12-02-2023,ODC_4PR,169,0,130
12-02-2023,ODC_6PR,2070,0,1399
12-02-2023,8PR,1272,0,0
12-02-2023,COMPLIMENTARY,15,0,0
12-02-2023,2PR PREMIUM,172,1,0
12-02-2023,SS PREMIUM,187,3,0
12-02-2023,3PR PREMIUM,291,12,0
12-02-2023,STAFF 9PR,216,0,0
13-02-2023,SENIOR EXECUTIVE,58,2,0
13-02-2023,SINGLE,742,9,0
13-02-2023,6PR,2308,0,0
13-02-2023,ODC_8PR,690,0,302
13-02-2023,ODC_4PR,169,0,130
13-02-2023,ODC_6PR,2075,0,1401
13-02-2023,8PR,1276,0,0
13-02-2023,COMPLIMENTARY,15,0,0
13-02-2023,2PR PREMIUM,178,0,0
13-02-2023,SS PREMIUM,181,2,0
13-02-2023,3PR PREMIUM,292,12,0
13-02-2023,STAFF 9PR,216,0,0
14-02-2023,SENIOR EXECUTIVE,56,1,0
14-02-2023,SINGLE,722,8,0
14-02-2023,6PR,2495,0,0
14-02-2023,ODC_8PR,692,0,304
14-02-2023,ODC_4PR,168,0,129
14-02-2023,ODC_6PR,2076,0,1402
14-02-2023,8PR,1275,0,0
14-02-2023,COMPLIMENTARY,15,0,0
14-02-2023,2PR PREMIUM,181,0,0
14-02-2023,SS PREMIUM,181,2,0
14-02-2023,3PR PREMIUM,292,12,0
14-02-2023,STAFF 9PR,211,0,0
15-02-2023,SENIOR EXECUTIVE,59,1,0
15-02-2023,SINGLE,720,8,0
15-02-2023,6PR,2451,0,0
15-02-2023,ODC_8PR,692,0,304
15-02-2023,ODC_4PR,168,0,129
15-02-2023,ODC_6PR,2083,0,1409
15-02-2023,8PR,1268,0,0
15-02-2023,COMPLIMENTARY,15,0,0
15-02-2023,2PR PREMIUM,183,0,0
15-02-2023,SS PREMIUM,185,2,0
15-02-2023,3PR PREMIUM,291,12,0
15-02-2023,STAFF 9PR,211,0,0
16-02-2023,SENIOR EXECUTIVE,58,1,0
16-02-2023,SINGLE,708,9,0
16-02-2023,6PR,2426,0,0
16-02-2023,ODC_8PR,681,0,305
16-02-2023,ODC_4PR,165,0,126
16-02-2023,ODC_6PR,2080,0,1408
16-02-2023,8PR,1267,0,0
16-02-2023,COMPLIMENTARY,14,0,0
16-02-2023,2PR PREMIUM,180,0,0
16-02-2023,SS PREMIUM,180,2,0
16-02-2023,3PR PREMIUM,288,10,0
16-02-2023,STAFF 9PR,211,0,0
17-02-2023,SENIOR EXECUTIVE,54,1,0
17-02-2023,SINGLE,699,9,0
17-02-2023,6PR,2372,0,0
17-02-2023,ODC_8PR,680,0,304
17-02-2023,ODC_4PR,166,0,127
17-02-2023,ODC_6PR,2077,0,1405
17-02-2023,8PR,1263,0,0
17-02-2023,COMPLIMENTARY,14,0,0
17-02-2023,2PR PREMIUM,177,0,0
17-02-2023,SS PREMIUM,177,2,0
17-02-2023,3PR PREMIUM,289,10,0
17-02-2023,STAFF 9PR,211,0,0
18-02-2023,SENIOR EXECUTIVE,56,1,0
18-02-2023,SINGLE,707,9,0
18-02-2023,6PR,2372,0,0
18-02-2023,ODC_8PR,681,0,305
18-02-2023,ODC_4PR,166,0,127
18-02-2023,ODC_6PR,2090,0,1418
18-02-2023,8PR,1248,0,0
18-02-2023,COMPLIMENTARY,14,0,0
18-02-2023,2PR PREMIUM,176,0,0
18-02-2023,SS PREMIUM,181,3,0
18-02-2023,3PR PREMIUM,288,10,0
18-02-2023,STAFF 9PR,211,0,0
19-02-2023,SENIOR EXECUTIVE,58,1,0
19-02-2023,SINGLE,708,10,0
19-02-2023,6PR,2272,0,0
19-02-2023,ODC_8PR,681,0,305
19-02-2023,ODC_4PR,166,0,127
19-02-2023,ODC_6PR,2092,0,1418
19-02-2023,8PR,1242,0,0
19-02-2023,COMPLIMENTARY,12,0,0
19-02-2023,2PR PREMIUM,175,0,0
19-02-2023,SS PREMIUM,178,3,0
19-02-2023,3PR PREMIUM,281,9,0
19-02-2023,STAFF 9PR,178,0,0
20-02-2023,SENIOR EXECUTIVE,58,2,0
20-02-2023,SINGLE,719,9,0
20-02-2023,6PR,2384,0,0
20-02-2023,ODC_8PR,680,0,304
20-02-2023,ODC_4PR,166,0,127
20-02-2023,ODC_6PR,2118,0,1436
20-02-2023,8PR,1236,0,0
20-02-2023,COMPLIMENTARY,12,0,0
20-02-2023,2PR PREMIUM,179,0,0
20-02-2023,SS PREMIUM,182,3,0
20-02-2023,3PR PREMIUM,277,7,0
20-02-2023,STAFF 9PR,177,0,0
21-02-2023,SENIOR EXECUTIVE,58,0,0
21-02-2023,SINGLE,721,10,0
21-02-2023,6PR,2367,0,0
21-02-2023,ODC_8PR,645,0,304
21-02-2023,ODC_4PR,167,0,128
21-02-2023,ODC_6PR,2119,0,1437
21-02-2023,8PR,1222,0,0
21-02-2023,COMPLIMENTARY,12,0,0
21-02-2023,2PR PREMIUM,166,0,0
21-02-2023,SS PREMIUM,189,2,0
21-02-2023,3PR PREMIUM,279,7,0
21-02-2023,STAFF 9PR,177,0,0
22-02-2023,SENIOR EXECUTIVE,57,0,0
22-02-2023,SINGLE,713,11,0
22-02-2023,6PR,2294,0,0
22-02-2023,ODC_8PR,646,0,304
22-02-2023,ODC_4PR,167,0,128
22-02-2023,ODC_6PR,2118,0,1435
22-02-2023,8PR,1224,0,0
22-02-2023,COMPLIMENTARY,12,0,0
22-02-2023,2PR PREMIUM,172,0,0
22-02-2023,SS PREMIUM,191,2,0
22-02-2023,3PR PREMIUM,282,7,0
22-02-2023,STAFF 9PR,177,0,0
23-02-2023,SENIOR EXECUTIVE,56,0,0
23-02-2023,SINGLE,691,11,0
23-02-2023,6PR,2263,0,0
23-02-2023,ODC_8PR,644,0,304
23-02-2023,ODC_4PR,167,0,128
23-02-2023,ODC_6PR,2118,0,1435
23-02-2023,8PR,1232,0,0
23-02-2023,COMPLIMENTARY,12,0,0
23-02-2023,2PR PREMIUM,167,0,0
23-02-2023,SS PREMIUM,186,3,0
23-02-2023,3PR PREMIUM,282,8,0
23-02-2023,STAFF 9PR,177,0,0
24-02-2023,SENIOR EXECUTIVE,56,0,0
24-02-2023,SINGLE,691,11,0
24-02-2023,6PR,2184,0,0
24-02-2023,ODC_8PR,643,0,303
24-02-2023,ODC_4PR,166,0,128
24-02-2023,ODC_6PR,2112,0,1412
24-02-2023,8PR,1226,0,0
24-02-2023,COMPLIMENTARY,11,0,0
24-02-2023,2PR PREMIUM,168,0,0
24-02-2023,SS PREMIUM,186,3,0
24-02-2023,3PR PREMIUM,276,7,0
24-02-2023,STAFF 9PR,172,0,0
25-02-2023,SENIOR EXECUTIVE,56,1,0
25-02-2023,SINGLE,705,11,0
25-02-2023,6PR,2197,0,0
25-02-2023,ODC_8PR,644,0,304
25-02-2023,ODC_4PR,166,0,128
25-02-2023,ODC_6PR,2131,0,1429
25-02-2023,8PR,1217,0,0
25-02-2023,COMPLIMENTARY,11,0,0
25-02-2023,2PR PREMIUM,169,0,0
25-02-2023,SS PREMIUM,188,3,0
25-02-2023,3PR PREMIUM,277,9,0
25-02-2023,STAFF 9PR,170,0,0
26-02-2023,SENIOR EXECUTIVE,59,2,0
26-02-2023,SINGLE,718,11,0
26-02-2023,6PR,2261,0,0
26-02-2023,ODC_8PR,651,0,305
26-02-2023,ODC_4PR,168,0,129
26-02-2023,ODC_6PR,2124,0,1429
26-02-2023,8PR,1207,0,0
26-02-2023,COMPLIMENTARY,13,0,0
26-02-2023,2PR PREMIUM,168,0,0
26-02-2023,SS PREMIUM,191,2,0
26-02-2023,3PR PREMIUM,282,10,0
26-02-2023,STAFF 9PR,169,0,0
27-02-2023,SENIOR EXECUTIVE,64,2,0
27-02-2023,SINGLE,725,13,0
27-02-2023,6PR,2212,0,0
27-02-2023,ODC_8PR,653,0,307
27-02-2023,ODC_4PR,167,0,128
27-02-2023,ODC_6PR,2134,0,1434
27-02-2023,8PR,1203,0,0
27-02-2023,COMPLIMENTARY,13,0,0
27-02-2023,2PR PREMIUM,173,0,0
27-02-2023,SS PREMIUM,184,1,0
27-02-2023,3PR PREMIUM,282,11,0
27-02-2023,STAFF 9PR,167,0,0
28-02-2023,SENIOR EXECUTIVE,63,2,0
28-02-2023,SINGLE,722,15,0
28-02-2023,6PR,2156,0,0
28-02-2023,ODC_8PR,651,0,307
28-02-2023,ODC_4PR,170,0,128
28-02-2023,ODC_6PR,2146,0,1433
28-02-2023,8PR,1207,0,0
28-02-2023,COMPLIMENTARY,13,0,0
28-02-2023,2PR PREMIUM,172,0,0
28-02-2023,SS PREMIUM,181,2,0
28-02-2023,3PR PREMIUM,281,10,0
28-02-2023,STAFF 9PR,166,0,0
01-03-2023,SENIOR EXECUTIVE,61,2,0
01-03-2023,SINGLE,717,17,0
01-03-2023,6PR,2139,0,0
01-03-2023,ODC_8PR,648,0,305
01-03-2023,ODC_4PR,172,0,130
01-03-2023,ODC_6PR,2146,0,1434
01-03-2023,8PR,1200,0,0
01-03-2023,COMPLIMENTARY,13,0,0
01-03-2023,2PR PREMIUM,159,1,0
01-03-2023,SS PREMIUM,175,2,0
01-03-2023,3PR PREMIUM,275,11,0
01-03-2023,STAFF 9PR,166,0,0
02-03-2023,SENIOR EXECUTIVE,59,3,0
02-03-2023,SINGLE,670,18,0
02-03-2023,6PR,2092,0,0
02-03-2023,ODC_8PR,639,0,305
02-03-2023,ODC_4PR,172,0,130
02-03-2023,ODC_6PR,2149,0,1436
02-03-2023,8PR,1201,0,0
02-03-2023,COMPLIMENTARY,12,0,0
02-03-2023,2PR PREMIUM,157,1,0
02-03-2023,SS PREMIUM,171,2,0
02-03-2023,3PR PREMIUM,276,12,0
02-03-2023,STAFF 9PR,200,0,0
03-03-2023,SENIOR EXECUTIVE,59,3,0
03-03-2023,SINGLE,666,17,0
03-03-2023,6PR,2067,0,0
03-03-2023,ODC_8PR,637,0,303
03-03-2023,ODC_4PR,172,0,130
03-03-2023,ODC_6PR,2137,0,1429
03-03-2023,8PR,1200,0,0
03-03-2023,COMPLIMENTARY,12,0,0
03-03-2023,2PR PREMIUM,159,1,0
03-03-2023,SS PREMIUM,171,2,0
03-03-2023,3PR PREMIUM,276,12,0
03-03-2023,STAFF 9PR,221,0,0
04-03-2023,SENIOR EXECUTIVE,58,3,0
04-03-2023,SINGLE,669,17,0
04-03-2023,6PR,2054,0,0
04-03-2023,ODC_8PR,636,0,304
04-03-2023,ODC_4PR,172,0,130
04-03-2023,ODC_6PR,2139,0,1432
04-03-2023,8PR,1199,0,0
04-03-2023,COMPLIMENTARY,12,0,0
04-03-2023,2PR PREMIUM,160,1,0
04-03-2023,SS PREMIUM,174,2,0
04-03-2023,3PR PREMIUM,283,12,0
04-03-2023,STAFF 9PR,232,0,0
05-03-2023,SENIOR EXECUTIVE,65,3,0
05-03-2023,SINGLE,682,17,0
05-03-2023,6PR,2030,0,0
05-03-2023,ODC_8PR,627,0,304
05-03-2023,ODC_4PR,188,0,146
05-03-2023,ODC_6PR,2169,0,1445
05-03-2023,8PR,1191,0,0
05-03-2023,COMPLIMENTARY,12,0,0
05-03-2023,2PR PREMIUM,154,1,0
05-03-2023,SS PREMIUM,179,2,0
05-03-2023,3PR PREMIUM,281,11,0
05-03-2023,STAFF 9PR,239,0,0
06-03-2023,SENIOR EXECUTIVE,62,3,0
06-03-2023,SINGLE,697,17,0
06-03-2023,6PR,2025,0,0
06-03-2023,ODC_8PR,617,0,304
06-03-2023,ODC_4PR,188,0,146
06-03-2023,ODC_6PR,2175,0,1446
06-03-2023,8PR,1190,0,0
06-03-2023,COMPLIMENTARY,12,0,0
06-03-2023,2PR PREMIUM,218,0,0
06-03-2023,SS PREMIUM,183,2,0
06-03-2023,3PR PREMIUM,280,9,0
06-03-2023,STAFF 9PR,239,0,0
07-03-2023,SENIOR EXECUTIVE,65,4,0
07-03-2023,SINGLE,688,17,0
07-03-2023,6PR,2012,0,0
07-03-2023,ODC_8PR,615,0,304
07-03-2023,ODC_4PR,172,0,130
07-03-2023,ODC_6PR,2177,0,1450
07-03-2023,8PR,1186,0,0
07-03-2023,COMPLIMENTARY,12,0,0
07-03-2023,2PR PREMIUM,217,0,0
07-03-2023,SS PREMIUM,182,2,0
07-03-2023,3PR PREMIUM,281,9,0
07-03-2023,STAFF 9PR,239,0,0
08-03-2023,SENIOR EXECUTIVE,63,5,0
08-03-2023,SINGLE,682,17,0
08-03-2023,6PR,2005,0,0
08-03-2023,ODC_8PR,617,0,304
08-03-2023,ODC_4PR,173,0,131
08-03-2023,ODC_6PR,2176,0,1448
08-03-2023,8PR,1180,0,0
08-03-2023,COMPLIMENTARY,11,0,0
08-03-2023,2PR PREMIUM,220,0,0
08-03-2023,SS PREMIUM,183,2,0
08-03-2023,3PR PREMIUM,280,9,0
08-03-2023,STAFF 9PR,239,0,0
09-03-2023,SENIOR EXECUTIVE,61,5,0
09-03-2023,SINGLE,663,19,0
09-03-2023,6PR,1994,0,0
09-03-2023,ODC_8PR,617,0,304
09-03-2023,ODC_4PR,173,0,131
09-03-2023,ODC_6PR,2171,0,1444
09-03-2023,8PR,1182,0,0
09-03-2023,COMPLIMENTARY,11,0,0
09-03-2023,2PR PREMIUM,154,0,0
09-03-2023,SS PREMIUM,177,2,0
09-03-2023,3PR PREMIUM,276,10,0
09-03-2023,STAFF 9PR,239,0,0
10-03-2023,SENIOR EXECUTIVE,65,5,0
10-03-2023,SINGLE,666,19,0
10-03-2023,6PR,1991,0,0
10-03-2023,ODC_8PR,617,0,304
10-03-2023,ODC_4PR,173,0,131
10-03-2023,ODC_6PR,2170,0,1443
10-03-2023,8PR,1178,0,0
10-03-2023,COMPLIMENTARY,11,0,0
10-03-2023,2PR PREMIUM,156,0,0
10-03-2023,SS PREMIUM,177,2,0
10-03-2023,3PR PREMIUM,275,11,0
10-03-2023,STAFF 9PR,239,0,0
11-03-2023,SENIOR EXECUTIVE,57,1,0
11-03-2023,SINGLE,674,18,0
11-03-2023,6PR,1985,0,0
11-03-2023,ODC_8PR,616,0,306
11-03-2023,ODC_4PR,173,0,131
11-03-2023,ODC_6PR,2181,0,1453
11-03-2023,8PR,1174,0,0
11-03-2023,COMPLIMENTARY,11,0,0
11-03-2023,2PR PREMIUM,153,0,0
11-03-2023,SS PREMIUM,176,1,0
11-03-2023,3PR PREMIUM,275,9,0
11-03-2023,STAFF 9PR,239,0,0
12-03-2023,SENIOR EXECUTIVE,58,1,0
12-03-2023,SINGLE,697,18,0
12-03-2023,6PR,1987,0,0
12-03-2023,ODC_8PR,616,0,308
12-03-2023,ODC_4PR,175,0,133
12-03-2023,ODC_6PR,2187,0,1456
12-03-2023,8PR,1164,0,0
12-03-2023,COMPLIMENTARY,11,0,0
12-03-2023,2PR PREMIUM,157,0,0
12-03-2023,SS PREMIUM,178,1,0
12-03-2023,3PR PREMIUM,274,9,0
12-03-2023,STAFF 9PR,239,0,0
13-03-2023,SENIOR EXECUTIVE,68,1,0
13-03-2023,SINGLE,698,13,0
13-03-2023,6PR,1992,0,0
13-03-2023,ODC_8PR,616,0,308
13-03-2023,ODC_4PR,170,0,128
13-03-2023,ODC_6PR,2189,0,1455
13-03-2023,8PR,1172,0,0
13-03-2023,COMPLIMENTARY,11,0,0
13-03-2023,2PR PREMIUM,162,0,0
13-03-2023,SS PREMIUM,179,1,0
13-03-2023,3PR PREMIUM,275,9,0
13-03-2023,STAFF 9PR,239,0,0
14-03-2023,SENIOR EXECUTIVE,65,0,0
14-03-2023,SINGLE,699,11,0
14-03-2023,6PR,1980,0,0
14-03-2023,ODC_8PR,617,0,309
14-03-2023,ODC_4PR,171,0,127
14-03-2023,ODC_6PR,2190,0,1453
14-03-2023,8PR,1164,0,0
14-03-2023,COMPLIMENTARY,11,0,0
14-03-2023,2PR PREMIUM,161,0,0
14-03-2023,SS PREMIUM,182,1,0
14-03-2023,3PR PREMIUM,275,9,0
14-03-2023,STAFF 9PR,238,0,0
15-03-2023,SENIOR EXECUTIVE,62,0,0
15-03-2023,SINGLE,687,11,0
15-03-2023,6PR,2072,0,0
15-03-2023,ODC_8PR,620,0,309
15-03-2023,ODC_4PR,171,0,127
15-03-2023,ODC_6PR,2187,0,1452
15-03-2023,8PR,1163,0,0
15-03-2023,COMPLIMENTARY,11,0,0
15-03-2023,2PR PREMIUM,166,0,0
15-03-2023,SS PREMIUM,180,3,0
15-03-2023,3PR PREMIUM,276,9,0
15-03-2023,STAFF 9PR,238,0,0
16-03-2023,SENIOR EXECUTIVE,56,1,0
16-03-2023,SINGLE,663,12,0
16-03-2023,6PR,2041,0,0
16-03-2023,ODC_8PR,614,0,308
16-03-2023,ODC_4PR,170,0,127
16-03-2023,ODC_6PR,2186,0,1451
16-03-2023,8PR,1160,0,0
16-03-2023,COMPLIMENTARY,11,0,0
16-03-2023,2PR PREMIUM,159,0,0
16-03-2023,SS PREMIUM,176,3,0
16-03-2023,3PR PREMIUM,276,9,0
16-03-2023,STAFF 9PR,238,0,0
17-03-2023,SENIOR EXECUTIVE,56,2,0
17-03-2023,SINGLE,647,12,0
17-03-2023,6PR,2056,0,0
17-03-2023,ODC_8PR,613,0,309
17-03-2023,ODC_4PR,170,0,127
17-03-2023,ODC_6PR,2186,0,1451
17-03-2023,8PR,1162,0,0
17-03-2023,COMPLIMENTARY,11,0,0
17-03-2023,2PR PREMIUM,155,0,0
17-03-2023,SS PREMIUM,175,3,0
17-03-2023,3PR PREMIUM,278,9,0
17-03-2023,STAFF 9PR,238,0,0
18-03-2023,SENIOR EXECUTIVE,56,2,0
18-03-2023,SINGLE,657,12,0
18-03-2023,6PR,2034,0,0
18-03-2023,ODC_8PR,616,0,310
18-03-2023,ODC_4PR,172,0,129
18-03-2023,ODC_6PR,2193,0,1458
18-03-2023,8PR,1166,0,0
18-03-2023,COMPLIMENTARY,11,0,0
18-03-2023,2PR PREMIUM,154,0,0
18-03-2023,SS PREMIUM,175,2,0
18-03-2023,3PR PREMIUM,275,9,0
18-03-2023,STAFF 9PR,238,0,0
19-03-2023,SENIOR EXECUTIVE,58,2,0
19-03-2023,SINGLE,677,7,0
19-03-2023,6PR,1933,0,0
19-03-2023,ODC_8PR,612,0,306
19-03-2023,ODC_4PR,170,0,127
19-03-2023,ODC_6PR,2188,0,1456
19-03-2023,8PR,1158,0,0
19-03-2023,COMPLIMENTARY,11,0,0
19-03-2023,2PR PREMIUM,159,1,0
19-03-2023,SS PREMIUM,174,2,0
19-03-2023,3PR PREMIUM,267,9,0
19-03-2023,STAFF 9PR,238,0,0
20-03-2023,SENIOR EXECUTIVE,63,2,0
20-03-2023,SINGLE,692,6,0
20-03-2023,6PR,1913,0,0
20-03-2023,ODC_8PR,614,0,307
20-03-2023,ODC_4PR,172,0,127
20-03-2023,ODC_6PR,2207,0,1457
20-03-2023,8PR,1140,0,0
20-03-2023,COMPLIMENTARY,11,0,0
20-03-2023,2PR PREMIUM,153,0,0
20-03-2023,SS PREMIUM,171,2,0
20-03-2023,3PR PREMIUM,267,9,0
20-03-2023,STAFF 9PR,238,0,0
21-03-2023,SENIOR EXECUTIVE,63,2,0
21-03-2023,SINGLE,679,6,0
21-03-2023,6PR,1931,0,0
21-03-2023,ODC_8PR,614,0,307
21-03-2023,ODC_4PR,173,0,127
21-03-2023,ODC_6PR,2212,0,1462
21-03-2023,8PR,1138,0,0
21-03-2023,COMPLIMENTARY,11,0,0
21-03-2023,2PR PREMIUM,151,0,0
21-03-2023,SS PREMIUM,169,2,0
21-03-2023,3PR PREMIUM,268,10,0
21-03-2023,STAFF 9PR,238,0,0
22-03-2023,SENIOR EXECUTIVE,60,2,0
22-03-2023,SINGLE,668,6,0
22-03-2023,6PR,1926,0,0
22-03-2023,ODC_8PR,613,0,309
22-03-2023,ODC_4PR,172,0,127
22-03-2023,ODC_6PR,2214,0,1464
22-03-2023,8PR,1137,0,0
22-03-2023,COMPLIMENTARY,11,0,0
22-03-2023,2PR PREMIUM,153,1,0
22-03-2023,SS PREMIUM,173,2,0
22-03-2023,3PR PREMIUM,268,10,0
22-03-2023,STAFF 9PR,238,0,0
23-03-2023,SENIOR EXECUTIVE,59,2,0
23-03-2023,SINGLE,637,7,0
23-03-2023,6PR,1940,0,0
23-03-2023,ODC_8PR,611,0,307
23-03-2023,ODC_4PR,172,0,128
23-03-2023,ODC_6PR,2185,0,1448
23-03-2023,8PR,1148,0,0
23-03-2023,COMPLIMENTARY,11,0,0
23-03-2023,2PR PREMIUM,152,0,0
23-03-2023,SS PREMIUM,170,2,0
23-03-2023,3PR PREMIUM,265,10,0
23-03-2023,STAFF 9PR,238,0,0
24-03-2023,SENIOR EXECUTIVE,61,2,0
24-03-2023,SINGLE,631,7,0
24-03-2023,6PR,1997,0,0
24-03-2023,ODC_8PR,608,0,308
24-03-2023,ODC_4PR,172,0,128
24-03-2023,ODC_6PR,2186,0,1449
24-03-2023,8PR,1147,0,0
24-03-2023,COMPLIMENTARY,11,0,0
24-03-2023,2PR PREMIUM,153,0,0
24-03-2023,SS PREMIUM,170,2,0
24-03-2023,3PR PREMIUM,266,10,0
24-03-2023,STAFF 9PR,238,0,0
25-03-2023,SENIOR EXECUTIVE,60,2,0
25-03-2023,SINGLE,647,7,0
25-03-2023,6PR,1993,0,0
25-03-2023,ODC_8PR,605,0,305
25-03-2023,ODC_4PR,172,0,128
25-03-2023,ODC_6PR,2185,0,1451
25-03-2023,8PR,1138,0,0
25-03-2023,COMPLIMENTARY,11,0,0
25-03-2023,2PR PREMIUM,154,0,0
25-03-2023,SS PREMIUM,170,2,0
25-03-2023,3PR PREMIUM,265,10,0
25-03-2023,STAFF 9PR,238,0,0
26-03-2023,SENIOR EXECUTIVE,59,2,0
26-03-2023,SINGLE,654,5,0
26-03-2023,6PR,1995,0,0
26-03-2023,ODC_8PR,605,0,304
26-03-2023,ODC_4PR,176,0,133
26-03-2023,ODC_6PR,2209,0,1456
26-03-2023,8PR,1128,0,0
26-03-2023,COMPLIMENTARY,11,0,0
26-03-2023,2PR PREMIUM,153,0,0
26-03-2023,SS PREMIUM,169,2,0
26-03-2023,3PR PREMIUM,272,10,0
26-03-2023,STAFF 9PR,238,0,0
27-03-2023,SENIOR EXECUTIVE,61,2,0
27-03-2023,SINGLE,655,5,0
27-03-2023,6PR,1828,0,0
27-03-2023,ODC_8PR,605,0,304
27-03-2023,ODC_4PR,177,0,134
27-03-2023,ODC_6PR,2208,0,1456
27-03-2023,8PR,1127,0,0
27-03-2023,COMPLIMENTARY,11,0,0
27-03-2023,2PR PREMIUM,149,0,0
27-03-2023,SS PREMIUM,168,2,0
27-03-2023,3PR PREMIUM,267,14,0
27-03-2023,STAFF 9PR,238,0,0
28-03-2023,SENIOR EXECUTIVE,59,2,0
28-03-2023,SINGLE,656,5,0
28-03-2023,6PR,1885,0,0
28-03-2023,ODC_8PR,601,0,306
28-03-2023,ODC_4PR,177,0,134
28-03-2023,ODC_6PR,2211,0,1458
28-03-2023,8PR,1037,0,0
28-03-2023,COMPLIMENTARY,11,0,0
28-03-2023,2PR PREMIUM,151,0,0
28-03-2023,SS PREMIUM,166,2,0
28-03-2023,3PR PREMIUM,262,20,0
28-03-2023,STAFF 9PR,238,0,0
29-03-2023,SENIOR EXECUTIVE,59,2,0
29-03-2023,SINGLE,642,7,0
29-03-2023,6PR,1711,0,0
29-03-2023,ODC_8PR,600,0,305
29-03-2023,ODC_4PR,177,0,134
29-03-2023,ODC_6PR,2212,0,1460
29-03-2023,8PR,1016,0,0
29-03-2023,COMPLIMENTARY,11,0,0
29-03-2023,2PR PREMIUM,151,0,0
29-03-2023,SS PREMIUM,164,2,0
29-03-2023,3PR PREMIUM,260,24,0
29-03-2023,STAFF 9PR,241,0,0
30-03-2023,SENIOR EXECUTIVE,59,2,0
30-03-2023,SINGLE,613,11,0
30-03-2023,6PR,1703,0,0
30-03-2023,ODC_8PR,604,0,305
30-03-2023,ODC_4PR,177,0,134
30-03-2023,ODC_6PR,2215,0,1462
30-03-2023,8PR,1017,0,0
30-03-2023,COMPLIMENTARY,12,0,0
30-03-2023,2PR PREMIUM,146,0,0
30-03-2023,SS PREMIUM,161,5,0
30-03-2023,3PR PREMIUM,256,23,0
30-03-2023,STAFF 9PR,241,0,0
31-03-2023,SENIOR EXECUTIVE,58,2,0
31-03-2023,SINGLE,608,11,0
31-03-2023,6PR,1478,0,0
31-03-2023,ODC_8PR,604,0,305
31-03-2023,ODC_4PR,179,0,136
31-03-2023,ODC_6PR,2217,0,1464
31-03-2023,8PR,1013,0,0
31-03-2023,COMPLIMENTARY,12,0,0
31-03-2023,2PR PREMIUM,148,0,0
31-03-2023,SS PREMIUM,161,6,0
31-03-2023,3PR PREMIUM,256,16,0
31-03-2023,STAFF 9PR,241,0,0
